0;0;0;0;land;false;unknown;3
1;220;133;165;land;true;hills;1
2;156;204;207;land;true;marsh;2
3;243;159;207;land;false;hills;1
4;63;249;194;land;true;desert;1
5;211;247;144;land;false;desert;4
6;253;63;219;lake;false;plains;1
7;185;126;199;land;false;mountain;4
8;107;229;242;land;false;hills;1
9;249;176;214;land;false;hills;4
10;210;239;142;land;false;desert;1
11;244;242;235;land;false;plains;1
12;224;223;191;land;true;plains;1
13;44;241;239;land;false;mountain;1
14;214;220;254;land;false;hills;1
15;213;205;103;land;true;desert;1
16;235;45;254;land;false;plains;1
17;233;215;184;land;false;hills;1
18;169;238;99;land;true;forest;1
19;107;222;198;land;true;hills;1
20;126;211;200;land;false;plains;1
21;218;110;202;land;true;mountain;4
22;253;251;57;land;true;plains;1
23;144;243;129;land;false;mountain;1
24;136;189;242;land;true;forest;1
25;226;242;89;land;false;mountain;1
26;123;231;233;land;false;forest;1
27;200;253;66;land;false;plains;1
28;92;216;226;land;false;hills;1
29;244;221;252;land;false;mountain;4
30;95;215;219;land;false;plains;4
31;180;141;206;land;true;desert;1
32;246;212;173;land;false;desert;1
33;145;211;212;land;true;plains;1
34;202;223;93;land;true;hills;1
35;182;175;239;land;true;hills;1
36;174;204;188;land;false;mountain;3
37;183;227;151;land;false;plains;2
38;122;229;213;land;false;mountain;1
39;148;165;208;land;false;hills;4
40;218;191;180;land;false;plains;4
41;197;246;86;land;true;mountain;1
42;253;191;60;land;false;mountain;1
43;174;172;208;land;true;plains;1
44;217;91;233;land;true;hills;3
45;228;145;183;lake;false;hills;2
46;250;140;247;land;true;hills;1
47;213;237;211;land;true;hills;1
48;182;97;230;land;true;desert;1
49;203;225;190;land;true;desert;2
50;238;146;194;land;false;plains;4
51;163;171;207;land;true;hills;2
52;241;144;198;land;false;mountain;4
53;203;162;229;land;true;mountain;1
54;123;248;246;land;true;hills;4
55;136;204;201;land;false;plains;1
56;221;69;243;land;false;hills;4
57;199;249;149;land;false;desert;4
58;167;169;199;land;true;plains;1
59;208;209;196;land;true;hills;2
60;225;114;210;land;false;plains;4
61;67;206;231;land;true;plains;1
62;248;59;216;land;false;plains;1
63;170;215;181;land;false;hills;4
64;137;239;202;land;false;hills;4
65;163;191;205;land;false;plains;1
66;167;238;195;land;false;hills;1
67;143;191;233;land;true;hills;2
68;176;234;246;land;false;forest;4
69;176;94;252;land;true;hills;1
70;238;109;189;land;true;forest;1
71;115;223;204;land;false;hills;1
72;209;92;243;land;true;marsh;1
73;166;192;232;land;false;mountain;4
74;252;221;246;land;false;mountain;3
75;168;247;134;land;true;hills;1
76;240;211;154;land;true;mountain;3
77;92;215;225;land;false;hills;1
78;239;217;169;land;true;hills;4
79;188;190;203;lake;false;plains;1
80;238;88;228;land;true;plains;2
81;169;201;156;land;true;plains;1
82;176;178;214;land;false;hills;1
83;141;176;204;land;false;hills;4
84;220;202;127;land;true;hills;1
85;192;180;174;land;true;hills;1
86;168;115;218;land;false;hills;1
87;208;203;134;land;true;mountain;4
88;148;184;213;land;true;hills;1
89;217;123;228;land;false;plains;1
90;150;252;253;land;true;plains;1
91;143;191;253;land;true;plains;1
92;178;198;152;land;true;urban;1
93;231;202;219;land;false;marsh;4
94;250;175;145;land;false;plains;1
95;247;130;169;lake;false;hills;2
96;201;88;227;land;true;hills;4
97;215;136;162;land;true;hills;1
98;149;247;209;land;false;plains;1
99;182;231;154;land;true;hills;1
100;223;183;135;land;true;forest;5
101;251;88;243;land;false;marsh;2
102;206;148;180;land;true;forest;1
103;231;23;248;land;false;plains;4
104;201;182;174;land;false;plains;1
105;223;167;136;land;true;plains;1
106;224;195;110;land;false;plains;4
107;229;146;214;land;false;plains;1
108;132;199;198;land;false;plains;1
109;251;199;200;land;false;desert;3
110;116;165;252;lake;false;plains;1
111;223;116;171;land;false;desert;1
112;251;119;177;land;true;forest;1
113;254;155;135;land;false;forest;1
114;181;216;138;land;false;plains;1
115;247;207;241;land;false;mountain;1
116;249;178;133;land;false;mountain;3
117;184;226;101;land;false;mountain;1
118;237;180;194;land;false;hills;1
119;221;59;236;land;false;marsh;1
120;214;219;192;land;true;hills;1
121;248;196;87;land;false;mountain;1
122;225;216;170;land;true;hills;1
123;164;237;118;land;true;desert;1
124;232;232;105;land;true;plains;1
125;32;226;250;land;true;hills;1
126;249;240;141;land;false;plains;1
127;248;110;169;land;false;desert;3
128;174;118;218;land;false;hills;4
129;202;115;200;land;true;hills;1
130;237;175;171;land;false;forest;4
131;208;136;201;land;false;mountain;1
132;241;167;150;land;false;hills;2
133;88;203;224;land;true;hills;2
134;148;186;176;land;false;plains;1
135;210;137;176;land;false;mountain;4
136;206;248;60;land;false;mountain;1
137;210;176;123;land;true;desert;3
138;245;152;230;land;true;desert;3
139;229;151;246;land;false;hills;1
140;166;231;126;land;false;plains;1
141;177;240;169;lake;false;hills;2
142;151;237;192;land;false;marsh;1
143;184;152;231;land;false;plains;1
144;184;211;191;land;false;marsh;4
145;251;97;184;land;false;desert;4
146;163;182;182;land;false;plains;1
147;249;239;107;land;false;mountain;4
148;108;254;147;land;false;hills;1
149;212;227;200;land;false;mountain;1
150;195;183;129;land;true;mountain;1
151;219;159;223;land;false;plains;1
152;226;205;108;land;true;plains;2
153;235;245;25;land;false;desert;3
154;159;239;240;land;false;hills;1
155;138;250;226;land;false;hills;1
156;244;97;186;land;false;forest;1
157;133;226;201;land;true;hills;2
158;177;245;228;lake;false;plains;1
159;229;61;245;land;false;plains;1
160;188;203;226;land;false;mountain;1
161;139;176;254;land;false;mountain;1
162;235;237;243;land;true;hills;4
163;191;253;131;land;true;plains;1
164;245;187;121;land;false;plains;1
165;217;145;212;land;true;desert;1
166;228;136;152;land;false;hills;1
167;227;139;175;land;true;forest;1
168;240;97;250;land;false;mountain;1
169;140;206;187;land;true;plains;1
170;220;244;177;land;false;hills;1
171;150;200;175;land;true;mountain;1
172;96;243;193;land;false;mountain;1
173;199;93;210;land;false;mountain;2
174;155;226;169;land;false;plains;4
175;167;97;248;land;false;mountain;1
176;120;167;254;land;true;plains;2
177;219;154;253;land;false;mountain;1
178;194;215;132;land;false;hills;1
179;173;188;173;land;false;mountain;4
180;93;220;217;land;true;mountain;4
181;252;243;113;land;false;forest;4
182;248;218;49;land;false;hills;2
183;107;167;238;land;false;desert;3
184;137;191;207;land;false;forest;1
185;180;249;128;land;true;hills;1
186;198;139;170;land;false;mountain;1
187;149;205;248;land;false;hills;1
188;252;29;253;land;false;hills;1
189;246;77;236;land;true;urban;1
190;231;167;213;land;false;marsh;1
191;178;180;149;land;false;hills;4
192;156;200;158;land;true;forest;1
193;208;244;141;land;true;forest;1
194;160;199;254;land;true;mountain;3
195;208;53;251;land;true;plains;1
196;245;99;254;land;true;hills;3
197;172;166;207;land;true;hills;1
198;202;89;235;land;false;plains;4
199;238;154;254;land;false;mountain;4
200;217;146;158;land;true;hills;1
201;106;194;214;land;false;mountain;1
202;253;98;202;land;true;hills;1
203;252;91;212;land;false;plains;2
204;235;74;195;land;false;plains;1
205;210;169;193;land;true;mountain;1
206;40;245;218;lake;false;mountain;2
207;193;188;156;land;false;hills;4
208;243;67;243;land;false;marsh;1
209;237;209;59;land;true;forest;1
210;22;249;254;land;true;hills;1
211;214;63;247;land;false;mountain;4
212;245;87;249;land;true;forest;1
213;103;216;193;land;false;plains;4
214;215;187;179;land;true;mountain;1
215;250;121;246;land;false;marsh;4
216;208;98;222;land;false;mountain;5
217;239;237;70;land;false;plains;1
218;231;212;218;land;false;hills;1
219;229;220;131;land;false;forest;4
220;184;234;241;land;false;hills;1
221;62;205;249;land;false;hills;1
222;250;167;149;land;true;mountain;3
223;163;172;249;land;false;hills;4
224;198;252;120;land;false;plains;1
225;248;71;194;land;true;hills;1
226;240;167;160;land;true;hills;1
227;114;187;209;land;true;plains;1
228;195;245;166;land;true;mountain;3
229;104;254;239;land;false;plains;1
230;193;239;233;land;true;plains;1
231;215;158;206;land;false;urban;1
232;176;178;159;land;true;mountain;1
233;250;217;235;land;true;hills;1
234;160;212;209;land;true;plains;1
235;251;200;89;land;true;hills;1
236;191;233;168;land;true;hills;2
237;175;207;254;land;false;plains;1
238;142;230;170;land;true;hills;1
239;144;158;208;land;true;plains;1
240;247;177;142;land;false;plains;4
241;240;222;78;land;false;hills;4
242;188;104;243;land;true;forest;1
243;235;208;149;land;false;mountain;3
244;78;230;213;land;false;hills;1
245;245;45;211;land;true;plains;1
246;240;229;81;land;true;hills;2
247;40;248;248;land;true;hills;1
248;254;224;246;land;false;mountain;3
249;223;196;245;land;false;plains;4
250;67;252;243;land;true;hills;2
251;229;116;224;land;false;hills;4
252;217;247;136;land;false;marsh;1
253;236;188;140;land;false;hills;1
254;166;246;153;land;false;mountain;3
255;219;201;129;land;false;mountain;1
256;239;184;253;land;false;plains;1
257;212;249;226;land;true;hills;2
258;254;243;163;land;true;plains;1
259;244;236;83;lake;false;plains;1
260;121;156;247;land;true;desert;2
261;79;232;235;land;true;hills;1
262;193;108;247;land;false;hills;1
263;103;220;229;land;false;mountain;1
264;197;147;197;land;true;plains;1
265;246;182;221;land;false;hills;2
266;167;100;250;land;false;hills;1
267;206;250;92;land;false;plains;1
268;180;237;202;land;false;plains;1
269;185;120;252;land;false;desert;3
270;98;215;245;land;true;hills;5
271;195;112;201;land;false;plains;4
272;200;210;221;land;false;urban;1
273;151;242;115;land;false;hills;1
274;202;176;232;land;false;plains;1
275;123;254;193;land;false;mountain;1
276;142;252;241;land;true;plains;1
277;232;179;156;land;true;plains;1
278;151;247;136;land;false;marsh;4
279;208;143;187;land;true;forest;1
280;193;198;153;land;false;forest;3
281;247;235;136;land;false;mountain;4
282;157;214;143;land;false;desert;3
283;197;235;180;land;true;marsh;1
284;238;250;136;land;true;desert;1
285;111;214;176;land;true;plains;1
286;133;211;234;land;true;hills;1
287;232;175;238;land;true;plains;1
288;84;214;252;land;true;mountain;1
289;209;212;252;land;true;mountain;3
290;155;186;220;land;true;plains;1
291;248;110;204;land;true;hills;1
292;237;223;124;lake;false;plains;1
293;203;242;133;land;true;hills;2
294;237;166;247;land;true;forest;5
295;246;107;187;land;true;hills;3
296;242;131;190;land;false;desert;3
297;190;224;189;land;true;hills;1
298;65;207;249;land;true;plains;1
299;169;211;197;land;false;desert;1
300;232;236;149;land;true;plains;1
301;160;196;186;land;false;desert;1
302;156;214;189;land;true;hills;1
303;253;101;225;land;true;plains;1
304;96;201;239;land;false;forest;1
305;124;166;217;land;true;marsh;1
306;196;223;127;land;true;hills;1
307;227;110;193;land;false;plains;4
308;228;226;238;land;true;desert;1
309;234;128;153;land;false;desert;1
310;178;156;200;land;false;plains;4
311;175;127;220;land;true;forest;1
312;188;194;163;land;true;forest;1
313;122;251;250;land;false;plains;4
314;232;231;222;land;false;hills;4
315;166;223;233;land;true;desert;1
316;50;234;231;land;false;hills;1
317;225;143;230;land;true;mountain;3
318;228;245;167;land;false;hills;1
319;144;198;186;land;true;plains;2
320;179;224;122;land;false;hills;1
321;222;170;252;land;true;hills;4
322;130;224;177;land;false;plains;1
323;185;199;162;land;true;hills;1
324;181;207;205;land;false;mountain;4
325;159;240;182;land;true;hills;1
326;86;223;243;land;true;marsh;1
327;220;219;139;land;false;mountain;4
328;205;170;165;land;false;hills;1
329;228;240;185;land;true;hills;1
330;169;229;153;land;false;mountain;1
331;204;189;109;land;false;plains;1
332;205;203;242;land;false;desert;1
333;227;237;192;land;false;urban;4
334;213;196;192;land;false;mountain;4
335;246;110;235;lake;false;plains;1
336;139;244;166;land;true;hills;1
337;225;104;193;land;true;mountain;1
338;247;132;172;land;false;marsh;1
339;243;185;230;land;true;plains;1
340;191;221;102;land;false;mountain;1
341;183;114;253;land;true;hills;1
342;237;149;246;land;true;desert;2
343;198;195;188;land;false;plains;1
344;152;234;199;land;false;hills;1
345;123;219;186;land;true;forest;1
346;146;160;221;land;true;desert;2
347;196;205;134;land;false;desert;2
348;146;215;188;land;false;marsh;1
349;125;150;242;land;false;hills;4
350;230;163;253;land;false;desert;1
351;218;195;251;land;true;mountain;1
352;59;219;250;land;true;mountain;1
353;202;134;250;land;true;forest;1
354;83;195;237;land;false;plains;1
355;202;128;209;land;false;mountain;1
356;130;209;193;land;true;hills;2
357;163;120;234;land;false;hills;1
358;99;202;223;land;false;mountain;5
359;83;248;175;land;true;mountain;1
360;196;166;239;land;true;hills;1
361;240;175;93;land;true;hills;2
362;246;135;171;land;false;mountain;1
363;186;204;168;land;true;hills;1
364;61;250;200;land;false;mountain;1
365;242;120;168;land;false;plains;1
366;221;251;42;land;true;hills;1
367;177;252;254;land;false;plains;4
368;246;216;117;land;true;mountain;1
369;213;251;231;land;true;mountain;5
370;125;218;179;land;false;marsh;1
371;209;236;168;land;false;plains;4
372;240;163;206;land;false;hills;1
373;227;180;104;land;true;marsh;2
374;124;214;232;land;false;hills;2
375;254;61;236;land;false;plains;1
376;221;148;202;land;false;hills;4
377;137;184;222;land;true;hills;2
378;237;163;149;land;false;hills;4
379;129;244;252;land;false;desert;1
380;169;206;204;land;false;plains;1
381;50;236;247;land;false;mountain;3
382;191;157;240;land;true;plains;1
383;239;147;242;land;true;forest;1
384;219;112;254;land;false;mountain;1
385;114;231;199;land;true;mountain;3
386;141;242;132;land;false;desert;1
387;206;174;212;land;true;plains;1
388;236;232;139;land;false;hills;1
389;211;144;240;land;true;hills;1
390;243;140;240;land;false;hills;1
391;196;185;214;land;false;plains;1
392;244;152;229;land;true;marsh;2
393;253;132;188;land;false;plains;1
394;171;234;149;land;false;mountain;4
395;200;118;183;land;false;mountain;1
396;235;152;150;land;false;mountain;1
397;171;85;253;land;false;desert;1
398;217;113;199;land;false;forest;4
399;231;124;244;land;true;hills;1
400;242;92;226;land;true;plains;1
401;171;253;109;land;true;urban;1
402;225;45;238;land;false;hills;4
403;105;242;242;land;true;forest;1
404;208;96;248;land;false;hills;1
405;227;215;228;lake;false;plains;1
406;172;202;156;land;true;hills;1
407;230;244;234;land;true;plains;1
408;238;205;210;land;true;desert;2
409;235;150;140;land;false;forest;4
410;148;206;173;land;false;mountain;4
411;228;197;156;land;true;hills;4
412;246;53;236;land;true;hills;1
413;153;184;251;land;true;plains;2
414;254;233;248;land;true;plains;1
415;245;213;242;land;false;desert;1
416;209;86;226;land;false;plains;1
417;232;171;134;land;false;plains;1
418;251;240;60;land;true;hills;1
419;177;138;201;land;true;forest;1
420;207;92;252;land;false;marsh;4
421;232;240;121;land;true;desert;1
422;231;133;212;land;true;hills;1
423;192;134;204;land;true;desert;2
424;28;242;240;land;false;mountain;3
425;122;138;242;land;false;mountain;1
426;94;210;231;land;true;hills;1
427;170;230;201;land;true;hills;1
428;179;234;118;land;false;hills;4
429;82;222;212;land;false;mountain;1
430;128;212;165;land;true;mountain;1
431;224;171;252;land;false;hills;1
432;254;150;106;land;false;hills;2
433;209;188;127;land;true;plains;1
434;194;254;175;land;true;mountain;1
435;202;225;164;land;false;mountain;1
436;197;211;167;land;false;hills;2
437;185;101;254;land;false;marsh;1
438;147;229;156;land;true;mountain;1
439;247;218;119;land;true;mountain;3
440;137;240;183;land;false;hills;4
441;67;254;242;land;true;plains;1
442;236;245;154;land;true;mountain;1
443;179;164;219;land;false;mountain;1
444;128;228;156;land;true;hills;4
445;248;159;178;land;false;marsh;4
446;131;211;233;land;true;hills;1
447;216;210;188;land;false;mountain;1
448;160;221;253;land;false;hills;1
449;82;251;214;land;false;plains;1
450;231;204;251;land;true;hills;1
451;104;229;176;land;true;hills;2
452;139;134;252;land;false;mountain;1
453;219;94;252;land;true;hills;1
454;154;231;206;land;false;urban;1
455;147;209;147;land;true;mountain;2
456;247;147;121;land;true;hills;1
457;138;142;228;land;true;forest;1
458;248;253;110;land;true;hills;1
459;147;211;213;land;true;mountain;3
460;249;124;153;land;false;forest;1
461;189;239;135;land;false;mountain;1
462;157;227;139;land;true;forest;1
463;226;231;111;land;false;plains;4
464;251;220;136;land;false;mountain;1
465;227;156;200;land;true;hills;1
466;191;250;214;land;true;hills;1
467;226;166;144;land;true;mountain;3
468;249;169;159;land;true;desert;2
469;155;227;236;land;true;plains;1
470;251;180;169;land;false;hills;2
471;159;229;208;land;false;plains;4
472;243;189;204;land;true;plains;1
473;241;228;79;land;true;hills;1
474;95;200;220;land;true;plains;2
475;167;151;214;land;false;urban;1
476;242;247;229;land;false;hills;4
477;205;218;78;land;true;mountain;1
478;228;245;81;land;true;hills;1
479;123;242;243;land;true;urban;1
480;126;242;178;land;true;forest;5
481;178;134;236;land;false;hills;1
482;226;134;204;land;false;desert;1
483;229;196;104;land;false;mountain;3
484;244;98;168;land;false;forest;1
485;251;207;125;land;true;desert;2
486;254;254;114;land;true;plains;1
487;148;140;254;land;false;desert;3
488;142;253;132;land;true;mountain;1
489;186;204;124;land;true;hills;1
490;188;152;172;land;true;hills;1
491;145;168;236;land;true;plains;1
492;209;144;201;land;true;mountain;1
493;153;204;223;land;false;hills;1
494;206;151;155;land;true;hills;1
495;141;198;225;land;false;marsh;4
496;249;221;215;lake;false;plains;1
497;222;159;192;land;false;plains;4
498;217;176;160;land;true;hills;1
499;191;141;203;land;true;hills;1
500;250;236;253;land;true;marsh;1
501;172;188;162;land;false;desert;1
502;225;176;140;land;true;mountain;3
503;172;250;217;land;true;mountain;3
504;203;123;243;land;true;hills;1
505;176;224;196;land;false;hills;1
506;76;234;245;land;false;hills;1
507;115;220;169;land;true;hills;1
508;205;225;86;land;true;hills;4
509;253;170;188;land;true;hills;1
510;169;153;187;land;false;mountain;3
511;180;245;194;land;false;hills;4
512;202;143;195;land;false;plains;4
513;237;92;228;land;true;hills;1
514;234;63;252;land;false;forest;1
515;97;158;253;land;true;mountain;1
516;254;233;44;land;true;plains;2
517;190;61;251;land;false;hills;2
518;217;250;205;land;true;plains;1
519;241;242;144;land;true;mountain;3
520;163;186;242;land;false;mountain;4
521;200;242;89;land;true;marsh;2
522;240;174;195;land;true;forest;1
523;241;136;235;land;false;hills;1
524;182;199;234;land;true;hills;1
525;229;153;181;land;false;hills;1
526;70;210;224;land;true;hills;1
527;132;254;151;land;false;mountain;1
528;240;221;70;land;false;hills;1
529;217;202;156;land;false;mountain;4
530;121;249;197;land;false;plains;2
531;174;228;170;land;false;marsh;1
532;236;153;188;land;true;hills;1
533;154;124;235;land;true;hills;2
534;245;55;254;land;false;plains;1
535;181;193;189;land;false;hills;4
536;119;239;228;land;false;hills;4
537;212;112;196;land;false;hills;1
538;60;233;243;land;true;desert;3
539;236;191;86;land;false;desert;3
540;228;218;167;land;true;forest;1
541;246;73;239;land;false;hills;1
542;106;212;250;land;true;hills;1
543;189;203;130;land;true;hills;5
544;243;201;130;land;true;desert;1
545;237;51;216;land;true;urban;1
546;155;254;244;land;false;desert;1
547;221;247;60;land;false;plains;1
548;155;235;165;land;true;plains;1
549;149;234;166;land;true;mountain;3
550;194;219;168;land;false;desert;3
551;147;160;234;land;false;desert;1
552;193;247;207;land;true;mountain;1
553;111;236;218;land;false;mountain;1
554;235;251;110;land;false;mountain;4
555;120;252;158;land;false;mountain;4
556;205;252;213;land;false;desert;1
557;60;245;246;land;false;plains;1
558;120;181;215;land;false;desert;1
559;143;202;187;land;true;plains;1
560;66;211;229;land;true;forest;1
561;156;126;229;land;true;hills;1
562;142;191;192;land;false;mountain;1
563;177;229;164;land;false;plains;2
564;104;182;231;land;false;forest;5
565;239;214;175;lake;false;plains;1
566;193;230;78;land;false;plains;1
567;78;189;253;land;true;mountain;1
568;166;251;104;land;true;hills;1
569;254;130;129;land;false;plains;1
570;174;102;251;land;true;plains;1
571;170;217;213;land;false;plains;1
572;230;128;198;land;false;mountain;3
573;96;244;250;land;true;plains;1
574;208;226;74;land;false;plains;4
575;198;144;227;land;true;hills;1
576;238;217;254;land;true;forest;1
577;250;63;191;land;true;desert;2
578;156;254;111;land;false;forest;1
579;236;209;236;land;false;hills;1
580;73;237;217;land;false;marsh;4
581;166;134;237;land;true;forest;1
582;176;254;152;land;true;mountain;1
583;162;211;218;land;false;desert;3
584;215;140;163;land;true;hills;1
585;207;135;240;land;true;plains;1
586;103;252;153;land;false;hills;2
587;223;101;216;land;true;plains;1
588;239;175;124;land;true;plains;1
589;183;193;243;land;false;hills;1
590;173;231;125;land;false;marsh;1
591;94;204;228;land;false;hills;1
592;241;238;227;land;false;plains;1
593;235;213;109;land;true;hills;1
594;236;168;201;land;true;hills;1
595;185;234;186;land;true;forest;1
596;214;214;209;land;false;desert;1
597;172;220;210;land;false;mountain;1
598;195;194;220;land;true;mountain;1
599;124;220;183;land;false;hills;1
600;179;137;246;land;true;hills;2
601;162;243;128;land;false;hills;4
602;214;78;233;land;false;mountain;1
603;237;196;128;land;false;hills;1
604;237;127;216;land;false;marsh;1
605;205;240;153;land;true;forest;1
606;240;177;225;land;true;urban;1
607;189;173;211;land;true;plains;2
608;194;176;243;land;true;plains;1
609;201;148;183;land;false;forest;4
610;215;246;56;land;true;plains;1
611;130;176;196;land;true;forest;1
612;192;217;168;land;false;hills;1
613;253;91;235;land;true;mountain;1
614;253;174;148;land;true;plains;1
615;128;227;195;land;false;forest;1
616;124;162;221;land;true;mountain;1
617;231;179;141;land;false;mountain;1
618;248;46;239;land;true;hills;1
619;196;208;227;land;false;hills;1
620;192;249;240;land;true;hills;1
621;151;130;250;land;true;plains;1
622;74;224;220;land;true;forest;1
623;239;245;62;land;true;hills;1
624;151;188;252;land;false;desert;1
625;204;83;215;land;false;hills;4
626;126;251;190;land;true;plains;1
627;254;225;55;land;true;desert;1
628;167;229;251;land;true;hills;1
629;198;136;244;land;false;desert;1
630;170;209;162;land;true;urban;1
631;182;178;151;land;false;mountain;1
632;125;223;243;land;true;mountain;1
633;181;143;188;land;false;urban;1
634;190;190;171;land;false;plains;4
635;222;154;155;land;false;hills;1
636;237;61;234;land;false;hills;1
637;135;230;238;land;false;plains;1
638;52;233;244;land;true;plains;2
639;254;217;79;land;false;mountain;1
640;131;167;252;land;true;forest;1
641;135;184;195;lake;false;plains;1
642;90;226;249;land;true;forest;5
643;140;187;220;land;false;mountain;1
644;142;211;231;land;true;plains;1
645;169;245;120;land;false;hills;4
646;201;202;242;land;false;hills;1
647;148;243;212;land;false;hills;1
648;134;241;245;land;false;mountain;4
649;137;208;207;land;false;plains;2
650;217;235;204;land;false;hills;1
651;208;229;235;land;false;mountain;4
652;242;111;236;land;true;mountain;3
653;220;239;233;land;false;urban;1
654;56;241;249;land;false;marsh;1
655;220;116;177;land;true;mountain;1
656;189;217;251;land;false;mountain;3
657;83;235;195;lake;false;plains;1
658;193;218;180;lake;false;plains;1
659;218;254;219;land;true;plains;1
660;254;119;191;land;false;plains;1
661;237;185;207;land;true;plains;2
662;162;250;206;land;true;marsh;1
663;207;207;249;land;true;desert;1
664;239;249;224;land;false;hills;1
665;242;202;153;land;true;hills;1
666;177;201;252;land;true;mountain;1
667;167;153;250;land;false;hills;1
668;172;230;182;land;true;hills;1
669;249;210;209;land;false;marsh;1
670;138;202;164;land;true;forest;1
671;121;206;250;land;true;plains;1
672;234;228;215;land;false;mountain;4
673;238;15;250;land;false;mountain;1
674;227;108;178;land;true;forest;1
675;168;184;222;land;false;plains;1
676;172;82;249;land;true;hills;4
677;248;104;191;land;false;hills;2
678;191;252;89;land;true;hills;1
679;119;243;160;land;true;forest;1
680;224;120;173;land;true;plains;2
681;234;214;156;land;false;plains;1
682;250;207;127;land;false;hills;1
683;149;252;149;land;true;plains;1
684;202;160;209;land;false;mountain;3
685;195;227;86;land;false;mountain;3
686;109;225;182;land;true;marsh;2
687;210;196;222;land;true;hills;1
688;192;230;134;land;true;hills;1
689;134;239;131;land;true;forest;1
690;208;247;65;land;false;desert;1
691;225;167;206;land;false;mountain;1
692;248;240;121;land;false;mountain;1
693;65;239;247;land;false;hills;1
694;118;229;174;land;false;hills;1
695;248;252;84;land;true;hills;1
696;187;253;99;land;false;desert;3
697;193;254;233;land;false;plains;1
698;253;180;116;land;false;plains;1
699;237;248;132;land;true;hills;1
700;252;229;100;land;true;mountain;1
701;200;72;236;land;false;desert;3
702;186;185;234;land;false;hills;1
703;77;237;231;land;false;hills;1
704;221;187;251;land;true;hills;2
705;239;141;213;land;true;hills;5
706;238;135;227;land;false;mountain;1
707;143;234;146;land;true;plains;1
708;145;238;238;land;false;mountain;1
709;183;188;200;land;true;hills;1
710;231;113;176;land;false;mountain;3
711;213;211;152;land;true;hills;1
712;223;254;221;land;false;mountain;4
713;247;103;229;land;false;plains;1
714;178;249;236;land;false;hills;4
715;213;147;188;land;false;mountain;3
716;141;195;231;land;false;hills;1
717;250;236;142;land;true;forest;1
718;117;223;205;land;false;plains;1
719;230;227;204;land;false;desert;1
720;234;252;63;land;false;forest;1
721;219;148;140;land;true;mountain;1
722;208;216;163;land;true;hills;1
723;203;207;98;land;false;hills;1
724;206;245;125;land;false;urban;1
725;147;148;226;lake;false;plains;1
726;230;251;179;land;true;plains;2
727;234;167;158;land;true;mountain;5
728;212;163;163;land;true;hills;1
729;206;118;186;land;false;plains;1
730;135;204;239;land;false;hills;1
731;231;207;177;land;false;mountain;1
732;143;163;248;land;false;desert;1
733;238;50;224;land;true;desert;1
734;151;253;169;land;false;plains;1
735;152;175;210;lake;false;plains;1
736;165;113;247;land;true;plains;1
737;184;203;184;land;true;plains;1
738;253;30;231;land;false;plains;1
739;181;202;121;land;true;hills;1
740;194;223;157;land;true;forest;2
741;124;184;238;land;true;hills;3
742;247;120;180;land;false;plains;1
743;68;246;218;land;true;mountain;1
744;161;182;199;land;true;hills;1
745;231;126;254;land;true;forest;1
746;104;216;248;land;false;plains;1
747;147;233;246;land;true;plains;1
748;253;132;202;land;true;hills;1
749;134;221;228;land;true;hills;2
750;185;228;110;land;true;mountain;5
751;151;233;205;land;true;hills;4
752;236;222;58;land;false;hills;1
753;254;113;214;land;true;forest;1
754;219;157;219;land;true;marsh;4
755;83;238;180;land;false;hills;1
756;227;94;180;land;true;hills;1
757;128;230;187;land;true;plains;1
758;227;160;222;land;true;mountain;1
759;223;245;167;land;true;mountain;3
760;249;221;107;land;true;hills;2
761;146;245;121;land;true;mountain;1
762;84;175;250;land;false;plains;4
763;161;213;177;land;true;plains;1
764;244;157;122;land;true;mountain;5
765;241;174;204;land;false;plains;1
766;139;248;154;land;true;mountain;1
767;98;215;215;land;false;mountain;3
768;177;152;238;land;true;hills;4
769;183;131;208;land;false;marsh;1
770;225;170;247;land;false;forest;4
771;182;225;243;land;false;marsh;1
772;223;238;207;land;false;forest;1
773;151;253;249;land;false;desert;1
774;193;102;222;land;false;forest;4
775;150;162;214;land;false;hills;1
776;251;93;246;land;false;mountain;4
777;188;139;224;land;false;hills;1
778;195;205;134;land;true;hills;1
779;158;107;250;land;false;hills;1
780;252;193;73;land;true;hills;1
781;168;231;140;land;false;desert;1
782;205;136;206;land;true;marsh;1
783;158;227;246;land;true;forest;1
784;173;116;232;land;false;plains;1
785;241;142;145;land;false;forest;1
786;237;190;185;land;false;marsh;1
787;101;218;233;land;true;mountain;1
788;250;138;115;land;true;hills;1
789;133;172;198;land;false;plains;4
790;205;220;226;land;false;plains;2
791;108;244;199;land;false;marsh;4
792;245;174;213;land;true;mountain;3
793;138;236;192;land;false;hills;1
794;139;235;195;land;true;hills;1
795;227;219;226;land;true;mountain;1
796;171;245;233;land;true;hills;1
797;135;187;233;land;false;mountain;4
798;232;178;98;land;false;mountain;3
799;132;197;207;land;true;forest;1
800;173;237;193;land;false;mountain;1
801;215;179;235;land;true;mountain;1
802;181;176;188;land;false;mountain;4
803;236;144;144;lake;false;plains;1
804;136;229;220;land;true;urban;1
805;234;243;115;land;false;plains;1
806;214;230;197;land;false;hills;4
807;137;241;142;land;true;hills;1
808;228;220;68;land;true;plains;1
809;213;205;115;land;true;hills;1
810;147;220;170;land;false;plains;1
811;153;216;156;land;true;mountain;1
812;217;230;135;land;false;marsh;1
813;185;247;135;land;true;plains;1
814;131;237;133;land;false;marsh;1
815;224;229;238;land;true;hills;1
816;117;243;235;land;true;forest;1
817;249;242;100;land;true;hills;1
818;168;195;213;land;true;marsh;2
819;189;231;250;land;false;hills;2
820;205;164;243;land;true;plains;1
821;248;81;216;land;true;forest;1
822;103;196;247;land;true;marsh;2
823;229;192;126;land;true;plains;1
824;187;161;223;land;false;hills;2
825;242;130;155;land;false;plains;1
826;249;254;222;land;false;plains;4
827;218;238;63;land;true;plains;1
828;195;190;152;land;true;plains;1
829;234;120;165;land;true;plains;1
830;247;35;229;land;false;plains;1
831;185;86;251;land;false;desert;1
832;229;239;58;land;false;hills;1
833;90;225;235;land;true;plains;1
834;228;243;87;land;false;plains;4
835;207;201;94;land;false;hills;1
836;238;93;172;land;true;hills;1
837;231;144;249;land;false;plains;1
838;100;214;230;land;false;hills;1
839;154;215;204;land;true;hills;1
840;230;146;247;land;false;hills;1
841;213;192;225;land;false;hills;1
842;220;241;48;land;true;hills;1
843;251;197;113;land;false;mountain;1
844;93;231;198;land;true;hills;1
845;166;169;194;land;true;desert;1
846;176;136;246;land;false;mountain;1
847;230;180;201;land;true;hills;1
848;251;207;66;land;true;plains;2
849;159;177;220;land;true;hills;1
850;233;203;169;land;true;plains;1
851;117;208;219;land;true;hills;1
852;214;197;191;land;true;hills;1
853;209;219;92;lake;false;hills;2
854;192;211;173;land;true;mountain;5
855;251;140;127;land;false;forest;1
856;136;244;145;land;false;mountain;4
857;158;196;234;land;true;urban;5
858;196;90;241;land;true;hills;1
859;178;241;160;land;false;mountain;1
860;149;229;179;land;true;forest;1
861;139;224;197;land;true;forest;1
862;247;93;207;lake;false;plains;1
863;157;250;137;land;true;forest;3
864;253;239;164;land;true;hills;1
865;254;134;190;land;true;urban;1
866;143;248;186;land;false;desert;1
867;206;187;217;lake;false;plains;1
868;224;163;137;land;false;desert;1
869;251;240;169;land;true;desert;1
870;200;205;146;land;false;desert;3
871;234;103;174;land;false;desert;1
872;110;216;197;land;false;mountain;1
873;225;230;119;land;true;mountain;1
874;118;160;226;land;true;hills;1
875;112;246;200;land;true;hills;1
876;216;219;123;land;true;hills;1
877;162;216;173;land;true;hills;1
878;163;201;254;land;true;hills;1
879;209;238;93;land;true;forest;1
880;240;80;200;land;true;hills;1
881;250;179;149;land;true;forest;1
882;181;159;177;land;true;hills;1
883;180;203;144;land;true;hills;1
884;222;202;242;land;true;hills;2
885;171;133;252;land;true;hills;1
886;253;15;247;land;true;hills;1
887;164;187;175;land;true;hills;1
888;230;246;48;land;true;hills;1
889;222;235;106;land;true;hills;1
890;218;227;240;land;true;hills;1
891;249;225;157;land;true;forest;1
892;192;244;68;land;true;hills;1
893;246;253;174;land;true;mountain;1
894;155;188;192;land;true;hills;1
895;244;153;239;land;true;mountain;1
896;254;240;236;land;true;forest;1
897;240;230;133;land;true;hills;1
898;202;238;71;land;true;mountain;1
899;176;145;226;land;true;mountain;1
900;152;191;203;land;true;hills;1
901;252;171;225;land;true;mountain;1
902;229;220;196;land;true;hills;1
903;240;138;210;land;true;mountain;1
904;254;123;124;land;true;hills;1
905;232;133;204;land;true;forest;1
906;79;231;223;land;true;hills;1
907;242;166;207;land;true;hills;1
908;141;207;216;land;true;mountain;1
909;199;126;219;land;true;hills;1
910;134;193;186;land;true;hills;1
911;129;211;248;land;true;hills;1
912;221;197;88;land;true;mountain;1
913;198;240;190;land;true;hills;1
914;55;248;214;land;true;mountain;1
915;214;188;150;land;true;hills;1
916;128;205;189;land;true;forest;1
917;178;200;232;land;true;mountain;1
918;243;103;224;land;true;hills;1
919;146;193;176;land;true;hills;1
920;246;122;236;land;true;hills;1
921;89;224;241;land;true;forest;1
922;216;208;100;land;true;mountain;1
923;233;179;253;land;true;hills;1
924;239;182;187;land;true;hills;1
925;234;234;179;land;true;hills;1
926;221;171;193;land;true;hills;1
927;231;179;158;land;true;hills;1
928;216;81;216;land;true;hills;1
929;24;253;247;land;true;hills;1
930;214;187;174;land;true;hills;1
931;188;228;104;land;true;hills;1
932;149;251;157;land;true;hills;1
933;207;186;206;land;true;hills;1
934;231;252;45;land;true;hills;1
935;198;237;220;land;true;hills;1
936;235;170;243;land;true;hills;1
937;187;206;201;land;true;hills;1
938;215;235;109;land;true;forest;1
939;104;170;229;land;true;hills;1
940;86;231;242;land;true;hills;1
941;211;198;252;land;true;hills;1
942;143;195;242;land;true;hills;1
943;223;222;170;land;true;hills;1
944;192;254;173;land;true;hills;1
945;191;171;152;land;false;hills;1
946;136;241;190;land;true;hills;1
947;229;133;223;land;true;hills;1
948;177;225;222;land;true;mountain;1
949;78;196;251;land;true;mountain;1
950;198;219;107;land;true;hills;1
951;172;184;243;land;true;hills;1
952;229;85;198;land;true;hills;1
953;205;178;203;land;true;hills;1
954;241;88;249;land;true;hills;1
955;143;228;225;land;true;hills;1
956;58;241;238;land;true;hills;1
957;98;171;241;land;true;hills;1
958;157;185;168;land;true;hills;1
959;238;109;224;land;true;hills;1
960;233;221;100;land;false;hills;1
961;221;115;249;land;false;mountain;1
962;249;238;106;land;true;hills;1
963;183;135;187;land;true;hills;1
964;159;205;144;land;true;hills;1
965;239;138;241;land;true;hills;1
966;245;246;165;land;true;hills;1
967;148;127;252;land;true;hills;1
968;237;187;220;land;true;hills;1
969;246;124;209;land;true;hills;1
970;245;229;243;land;true;hills;1
971;163;116;228;land;true;hills;1
972;191;220;147;land;true;hills;1
973;173;164;215;land;true;hills;1
974;237;184;183;land;true;hills;1
975;206;178;135;land;true;hills;1
976;163;119;238;land;true;hills;1
977;196;120;207;land;true;hills;1
978;216;244;230;land;false;hills;1
979;193;240;237;land;true;forest;1
980;205;187;173;land;true;desert;1
981;252;198;96;land;true;hills;1
982;46;224;232;land;true;hills;1
983;81;233;253;land;true;desert;1
984;196;235;152;land;true;hills;1
985;88;165;251;land;true;hills;1
986;250;81;214;land;true;hills;1
987;174;204;130;land;true;hills;1
988;157;242;158;land;true;forest;1
989;207;226;205;land;true;hills;1
990;242;155;173;land;true;hills;1
991;129;184;195;land;true;hills;1
992;244;71;217;land;true;hills;2
993;246;241;78;land;true;hills;1
994;224;75;203;land;true;hills;1
995;142;143;233;land;true;hills;1
996;209;130;219;land;true;hills;1
997;186;205;168;land;true;hills;1
998;220;184;167;land;true;hills;1
999;234;212;234;land;false;hills;1
1000;241;195;207;land;false;hills;1
1001;135;162;219;land;false;hills;1
1002;205;227;73;land;false;hills;1
1003;167;193;247;land;true;hills;1
1004;164;250;220;land;true;hills;1
1005;154;193;179;land;true;hills;1
1006;248;150;227;land;false;hills;1
1007;196;169;183;land;true;hills;1
1008;249;219;201;land;true;hills;1
1009;241;199;187;land;true;hills;1
1010;156;152;221;land;true;hills;1
1011;232;211;92;land;true;hills;1
1012;169;168;188;land;true;hills;1
1013;227;155;159;land;true;hills;1
1014;212;134;195;land;true;hills;1
1015;196;241;106;land;true;hills;1
1016;223;220;216;land;true;hills;1
1017;149;154;234;land;true;hills;1
1018;243;234;41;land;true;hills;1
1019;204;180;246;land;true;hills;1
1020;215;149;236;land;true;hills;1
1021;127;190;238;land;true;hills;1
1022;226;235;68;land;true;hills;1
1023;204;209;204;land;true;hills;1
1024;247;95;222;land;true;hills;1
1025;219;169;234;land;true;hills;1
1026;194;245;254;land;true;hills;1
1027;229;253;123;land;true;hills;1
1028;209;251;86;land;true;hills;1
1029;158;191;165;land;true;hills;1
1030;242;81;233;land;true;hills;1
1031;47;250;229;land;true;hills;1
1032;248;95;162;land;true;hills;1
1033;104;216;187;land;true;hills;1
1034;210;213;96;land;true;hills;1
1035;156;197;187;land;true;hills;1
1036;224;247;135;land;true;hills;1
1037;209;145;190;land;true;hills;1
1038;199;178;221;land;true;hills;1
1039;249;207;105;land;true;hills;1
1040;139;215;170;land;true;hills;1
1041;249;193;235;land;true;hills;1
1042;163;220;216;land;true;hills;1
1043;204;180;224;land;true;hills;1
1044;191;229;157;land;true;hills;1
1045;215;244;229;land;true;hills;1
1046;82;241;254;land;true;hills;1
1047;249;117;165;land;true;hills;1
1048;181;244;112;land;true;hills;1
1049;130;251;177;land;true;hills;1
1050;246;160;184;land;true;hills;1
1051;181;221;130;land;true;hills;1
1052;220;203;186;land;true;hills;1
1053;228;191;87;land;true;hills;1
1054;129;197;181;land;true;hills;1
1055;177;134;235;land;true;hills;1
1056;188;163;216;land;true;hills;1
1057;225;48;228;land;true;hills;1
1058;143;217;203;land;true;hills;1
1059;228;79;205;land;true;hills;1
1060;236;160;124;land;true;mountain;1
1061;178;105;218;land;true;mountain;1
1062;179;239;143;land;true;mountain;1
1063;213;107;247;land;true;hills;1
1064;212;223;157;land;true;mountain;1
1065;253;207;52;land;true;hills;1
1066;251;196;123;land;true;hills;1
1067;181;230;199;land;true;hills;1
1068;228;214;128;land;true;mountain;1
1069;117;242;182;land;true;hills;1
1070;213;140;178;land;true;hills;1
1071;251;102;237;land;true;hills;1
1072;226;98;214;land;true;hills;1
1073;185;147;235;land;true;hills;1
1074;243;250;85;land;true;hills;1
1075;207;158;222;land;true;hills;1
1076;245;220;124;land;true;hills;1
1077;171;246;217;land;true;hills;1
1078;137;163;232;land;true;hills;1
1079;174;218;157;land;true;hills;1
1080;221;94;186;land;true;hills;1
1081;224;131;216;land;true;hills;1
1082;246;79;234;land;true;mountain;1
1083;245;211;238;land;true;hills;1
1084;132;220;232;land;true;hills;1
1085;155;247;197;land;true;hills;1
1086;238;182;206;land;true;hills;1
1087;230;135;174;land;true;hills;1
1088;242;107;168;land;true;hills;1
1089;158;224;123;land;true;hills;1
1090;162;229;201;land;true;hills;1
1091;198;144;249;land;true;hills;1
1092;111;212;236;land;true;hills;1
1093;178;226;219;land;true;hills;1
1094;85;230;188;land;true;hills;1
1095;226;164;159;land;true;hills;1
1096;72;226;240;land;true;hills;1
1097;254;245;150;land;true;hills;1
1098;164;230;227;land;true;hills;1
1099;184;201;132;land;true;hills;1
1100;219;188;228;land;true;hills;1
1101;237;248;129;land;true;hills;1
1102;158;188;252;land;true;hills;1
1103;205;188;195;land;true;hills;1
1104;215;141;186;land;true;hills;1
1105;225;79;209;land;true;mountain;1
1106;223;197;121;land;true;hills;1
1107;182;200;152;land;true;mountain;1
1108;216;222;170;land;true;hills;1
1109;209;215;142;land;true;hills;1
1110;249;228;207;land;true;hills;1
1111;75;209;217;land;true;hills;1
1112;144;202;225;land;true;mountain;1
1113;103;232;254;land;true;hills;1
1114;194;115;218;land;true;hills;1
1115;181;189;158;land;true;hills;1
1116;252;234;242;land;true;hills;1
1117;200;122;249;land;true;hills;1
1118;157;202;219;land;true;hills;1
1119;121;204;243;land;true;hills;1
1120;254;72;232;land;true;hills;1
1121;208;241;191;land;true;hills;1
1122;129;210;174;land;true;mountain;1
1123;245;177;176;land;true;hills;1
1124;164;248;203;land;true;desert;1
1125;146;253;123;land;true;hills;1
1126;239;236;180;land;true;mountain;1
1127;213;234;168;land;true;mountain;1
1128;120;170;239;land;true;mountain;1
1129;207;186;195;land;true;forest;1
1130;140;149;220;land;true;hills;1
1131;232;55;237;land;true;mountain;1
1132;168;208;191;land;true;hills;1
1133;166;239;179;land;true;urban;1
1134;205;236;209;land;true;hills;1
1135;133;189;240;land;true;hills;1
1136;146;208;247;land;true;mountain;1
1137;74;244;233;land;true;hills;1
1138;74;240;248;land;true;hills;1
1139;124;208;228;land;true;hills;1
1140;130;180;232;land;true;hills;1
1141;214;202;191;land;false;hills;1
1142;175;237;195;land;true;hills;1
1143;179;233;243;land;true;hills;1
1144;145;242;186;land;true;hills;1
1145;226;147;175;land;true;hills;1
1146;182;92;246;land;true;desert;1
1147;178;214;116;land;true;hills;1
1148;228;240;61;sea;true;ocean;0
1149;126;204;224;sea;true;ocean;0
1150;238;241;22;sea;true;ocean;0
1151;166;118;252;sea;true;lakes;0
1152;56;18;15;sea;false;ocean;0
1153;21;26;27;sea;false;ocean;0
1154;22;0;41;sea;true;ocean;0
1155;24;8;63;sea;true;ocean;0
1156;6;4;10;sea;false;ocean;0
1157;62;21;2;sea;false;ocean;0
1158;74;21;3;sea;true;ocean;0
1159;2;30;26;sea;false;ocean;0
1160;20;21;34;sea;false;ocean;0
1161;2;19;60;sea;false;ocean;0
1162;91;0;0;sea;true;ocean;0
1163;0;31;49;sea;true;ocean;0
1164;24;9;15;sea;false;ocean;0
1165;10;47;33;sea;false;ocean;0
1166;9;51;33;sea;false;ocean;0
1167;8;3;67;sea;false;ocean;0
1168;1;64;2;sea;true;ocean;0
1169;59;3;37;sea;true;ocean;0
1170;16;44;3;sea;false;ocean;0
1171;23;17;15;sea;false;ocean;0
1172;83;4;11;sea;true;ocean;0
1173;25;28;39;sea;false;ocean;0
1174;17;25;24;sea;false;ocean;0
1175;1;34;34;sea;false;ocean;0
1176;34;33;29;sea;true;ocean;0
1177;18;58;12;sea;true;ocean;0
1178;79;1;1;sea;true;ocean;0
1179;0;3;54;sea;true;ocean;0
1180;67;2;20;sea;false;ocean;0
1181;4;62;12;sea;true;ocean;0
1182;12;52;11;sea;false;ocean;0
1183;21;23;39;sea;false;ocean;0
1184;20;28;19;sea;false;ocean;0
1185;4;7;21;sea;false;ocean;0
1186;8;10;28;sea;false;ocean;0
1187;6;61;2;sea;true;ocean;0
1188;10;20;23;sea;false;ocean;0
1189;18;10;44;sea;true;ocean;0
1190;18;41;14;sea;false;ocean;0
1191;40;32;8;sea;true;ocean;0
1192;30;4;60;sea;false;ocean;0
1193;12;13;7;sea;false;ocean;0
1194;5;9;35;sea;false;ocean;0
1195;0;45;54;sea;false;ocean;0
1196;38;37;9;sea;false;ocean;0
1197;1;23;67;sea;true;ocean;0
1198;1;83;12;sea;true;ocean;0
1199;32;14;45;sea;false;ocean;0
1200;26;49;22;sea;false;ocean;0
1201;2;31;65;sea;false;ocean;0
1202;26;10;40;sea;true;ocean;0
1203;22;37;26;sea;false;ocean;0
1204;6;50;4;sea;true;ocean;0
1205;35;19;8;sea;false;ocean;0
1206;22;17;41;sea;false;ocean;0
1207;34;22;34;sea;true;ocean;0
1208;1;15;7;sea;false;ocean;0
1209;27;12;58;sea;false;ocean;0
1210;1;59;34;sea;true;ocean;0
1211;39;27;25;sea;false;ocean;0
1212;27;11;4;sea;false;ocean;0
1213;13;4;76;sea;false;ocean;0
1214;23;26;28;sea;true;ocean;0
1215;18;8;1;sea;false;ocean;0
1216;8;16;17;sea;true;ocean;0
1217;37;4;32;sea;true;ocean;0
1218;52;16;19;sea;true;ocean;0
1219;31;0;39;sea;true;ocean;0
1220;0;13;36;sea;false;ocean;0
1221;19;47;20;sea;true;ocean;0
1222;11;4;6;sea;false;ocean;0
1223;53;8;9;sea;true;ocean;0
1224;0;5;19;sea;false;ocean;0
1225;7;23;20;sea;false;ocean;0
1226;53;4;19;sea;false;ocean;0
1227;15;31;37;sea;false;ocean;0
1228;42;18;26;sea;false;ocean;0
1229;14;34;25;sea;false;ocean;0
1230;4;4;82;sea;false;ocean;0
1231;31;29;3;sea;true;ocean;0
1232;2;27;53;sea;false;ocean;0
1233;14;57;1;sea;false;ocean;0
1234;0;43;50;sea;true;ocean;0
1235;25;34;5;sea;true;ocean;0
1236;17;41;13;sea;false;ocean;0
1237;9;7;44;sea;false;ocean;0
1238;5;42;37;sea;false;ocean;0
1239;23;16;35;sea;false;ocean;0
1240;57;24;4;sea;false;ocean;0
1241;3;50;11;sea;false;ocean;0
1242;9;7;74;sea;true;ocean;0
1243;46;29;20;sea;false;ocean;0
1244;26;12;12;sea;false;ocean;0
1245;45;8;5;sea;true;ocean;0
1246;46;45;4;sea;true;ocean;0
1247;33;0;35;sea;false;ocean;0
1248;31;5;53;sea;false;ocean;0
1249;82;7;0;sea;true;ocean;0
1250;38;11;32;sea;false;ocean;0
1251;12;15;66;sea;false;ocean;0
1252;0;10;22;sea;false;ocean;0
1253;11;24;26;sea;false;ocean;0
1254;0;18;21;sea;false;ocean;0
1255;22;59;3;sea;false;ocean;0
1256;22;31;21;sea;false;ocean;0
1257;45;39;15;sea;true;ocean;0
1258;46;13;36;sea;true;ocean;0
1259;23;20;46;sea;false;ocean;0
1260;6;80;1;sea;false;ocean;0
1261;76;19;2;sea;true;ocean;0
1262;0;30;32;sea;false;ocean;0
1263;29;66;1;sea;false;ocean;0
1264;20;46;3;sea;true;ocean;0
1265;28;10;47;sea;true;ocean;0
1266;14;42;4;sea;false;ocean;0
1267;12;9;45;sea;true;ocean;0
1268;6;53;12;sea;true;ocean;0
1269;10;15;70;sea;true;ocean;0
1270;5;11;23;sea;false;ocean;0
1271;2;42;14;sea;false;ocean;0
1272;43;4;11;sea;false;ocean;0
1273;4;28;25;sea;true;ocean;0
1274;3;62;22;sea;true;ocean;0
1275;1;50;20;sea;false;ocean;0
1276;5;69;12;sea;false;ocean;0
1277;18;46;19;sea;false;ocean;0
1278;12;55;31;sea;false;ocean;0
1279;12;24;37;sea;false;ocean;0
1280;20;33;26;sea;false;ocean;0
1281;10;9;44;sea;true;ocean;0
1282;28;39;24;sea;false;ocean;0
1283;12;16;34;sea;false;ocean;0
1284;36;14;4;sea;false;ocean;0
1285;39;14;31;sea;false;ocean;0
1286;8;19;46;sea;false;ocean;0
1287;23;20;2;sea;true;ocean;0
1288;5;1;61;sea;true;ocean;0
1289;14;37;19;sea;true;ocean;0
1290;7;0;82;sea;true;ocean;0
1291;40;27;12;sea;false;ocean;0
1292;43;5;45;sea;false;ocean;0
1293;66;17;0;sea;false;ocean;0
1294;48;28;15;sea;true;ocean;0
1295;31;39;18;sea;false;ocean;0
1296;8;50;1;sea;false;ocean;0
1297;13;0;1;sea;true;ocean;0
1298;16;23;15;sea;false;ocean;0
1299;67;0;15;sea;false;ocean;0
1300;4;17;28;sea;true;ocean;0
1301;3;26;1;sea;true;ocean;0
1302;36;21;5;sea;true;ocean;0
1303;57;29;9;sea;false;ocean;0
1304;26;54;1;sea;true;ocean;0
1305;48;7;13;sea;false;ocean;0
1306;16;26;50;sea;true;ocean;0
1307;31;33;20;sea;true;ocean;0
1308;62;24;13;sea;false;ocean;0
1309;22;9;52;sea;true;ocean;0
1310;12;23;44;sea;false;ocean;0
1311;31;17;18;sea;false;ocean;0
1312;29;24;1;sea;true;ocean;0
1313;51;1;25;sea;false;ocean;0
1314;12;17;52;sea;false;ocean;0
1315;21;49;19;sea;false;ocean;0
1316;70;13;0;sea;true;ocean;0
1317;5;59;25;sea;false;ocean;0
1318;0;32;41;sea;true;ocean;0
1319;69;19;8;sea;false;ocean;0
1320;7;51;12;sea;false;ocean;0
1321;8;36;47;sea;false;ocean;0
1322;55;1;0;sea;false;ocean;0
1323;0;15;34;sea;false;ocean;0
1324;61;4;25;sea;false;ocean;0
1325;9;46;36;sea;false;ocean;0
1326;23;27;10;sea;true;ocean;0
1327;69;1;11;sea;true;ocean;0
1328;37;41;14;sea;false;ocean;0
1329;36;31;10;sea;true;ocean;0
1330;79;12;4;sea;true;ocean;0
1331;34;25;10;sea;false;ocean;0
1332;80;3;16;sea;false;ocean;0
1333;58;20;11;sea;true;ocean;0
1334;4;40;47;sea;true;ocean;0
1335;7;40;26;sea;false;ocean;0
1336;8;10;66;sea;true;ocean;0
1337;0;4;49;sea;false;ocean;0
1338;5;7;29;sea;false;ocean;0
1339;46;18;16;sea;true;ocean;0
1340;14;17;41;sea;false;ocean;0
1341;3;6;47;sea;true;ocean;0
1342;6;86;7;sea;false;ocean;0
1343;17;4;60;sea;true;ocean;0
1344;19;59;7;sea;true;ocean;0
1345;16;11;8;sea;false;ocean;0
1346;40;47;8;sea;false;ocean;0
1347;11;5;15;sea;true;ocean;0
1348;34;27;12;sea;true;ocean;0
1349;8;46;42;sea;false;ocean;0
1350;1;12;65;sea;true;ocean;0
1351;5;57;18;sea;true;ocean;0
1352;9;12;69;sea;true;ocean;0
1353;34;2;52;sea;false;ocean;0
1354;16;59;23;sea;true;ocean;0
1355;2;0;70;sea;true;ocean;0
1356;58;7;1;sea;true;ocean;0
1357;58;7;11;sea;true;ocean;0
1358;4;50;31;sea;false;ocean;0
1359;9;79;9;sea;true;ocean;0
1360;22;5;60;sea;false;ocean;0
1361;6;18;13;sea;true;ocean;0
1362;32;55;4;sea;false;ocean;0
1363;36;37;16;sea;false;ocean;0
1364;4;7;41;sea;true;ocean;0
1365;1;63;7;sea;false;ocean;0
1366;18;40;17;sea;false;ocean;0
1367;11;23;64;sea;false;ocean;0
1368;30;47;12;sea;false;ocean;0
1369;20;43;23;sea;false;ocean;0
1370;18;31;33;sea;false;ocean;0
1371;11;13;2;sea;false;ocean;0
1372;10;41;11;sea;false;ocean;0
1373;39;8;43;sea;false;ocean;0
1374;43;9;37;sea;true;ocean;0
1375;15;9;38;sea;true;ocean;0
1376;12;31;56;sea;true;ocean;0
1377;47;30;2;sea;false;ocean;0
1378;19;23;47;sea;true;ocean;0
1379;52;11;4;sea;true;ocean;0
1380;12;21;2;sea;true;ocean;0
1381;87;1;7;sea;true;ocean;0
1382;2;13;29;sea;false;ocean;0
1383;12;55;7;sea;true;ocean;0
1384;22;15;19;sea;false;ocean;0
1385;41;42;1;sea;false;ocean;0
1386;12;27;49;sea;true;ocean;0
1387;23;22;4;sea;false;ocean;0
1388;34;24;34;sea;true;ocean;0
1389;4;24;67;sea;false;ocean;0
1390;16;19;51;sea;false;ocean;0
1391;15;45;23;sea;true;ocean;0
1392;9;22;49;sea;false;ocean;0
1393;3;14;58;sea;false;ocean;0
1394;44;12;29;sea;true;lakes;0
1395;7;1;88;sea;true;ocean;0
1396;35;19;33;sea;false;ocean;0
1397;62;6;24;sea;true;ocean;0
1398;11;64;18;sea;true;ocean;0
1399;11;25;18;sea;false;ocean;0
1400;2;11;66;sea;true;ocean;0
1401;17;28;7;sea;false;ocean;0
1402;28;10;13;sea;true;ocean;0
1403;24;4;6;sea;false;ocean;0
1404;13;35;28;sea;false;ocean;0
1405;27;21;32;sea;true;ocean;0
1406;18;61;16;sea;true;ocean;0
1407;4;33;45;sea;true;ocean;0
1408;39;17;27;sea;false;ocean;0
1409;23;0;0;sea;false;ocean;0
1410;53;19;6;sea;true;ocean;0
1411;60;6;18;sea;false;ocean;0
1412;20;21;50;sea;true;ocean;0
1413;12;24;61;sea;false;ocean;0
1414;19;72;6;sea;true;ocean;0
1415;82;7;10;sea;true;ocean;0
1416;9;50;14;sea;false;ocean;0
1417;40;20;35;sea;false;ocean;0
1418;2;58;25;sea;true;ocean;0
1419;0;72;23;sea;true;ocean;0
1420;17;29;8;sea;false;ocean;0
1421;14;2;61;sea;false;ocean;0
1422;68;10;3;sea;true;ocean;0
1423;48;5;4;sea;false;ocean;0
1424;1;21;23;sea;true;ocean;0
1425;9;68;18;sea;false;ocean;0
1426;16;80;1;sea;false;ocean;0
1427;40;12;17;sea;false;ocean;0
1428;12;46;40;sea;false;ocean;0
1429;3;9;85;sea;true;ocean;0
1430;5;60;23;sea;false;ocean;0
1431;50;23;5;sea;true;ocean;0
1432;28;4;47;sea;true;ocean;0
1433;40;9;17;sea;true;ocean;0
1434;46;7;43;sea;false;ocean;0
1435;1;8;16;sea;true;ocean;0
1436;57;3;22;sea;true;ocean;0
1437;17;32;34;sea;false;ocean;0
1438;31;6;4;sea;false;ocean;0
1439;18;55;20;sea;true;ocean;0
1440;52;32;10;sea;false;ocean;0
1441;1;47;36;sea;false;ocean;0
1442;31;38;28;sea;true;ocean;0
1443;10;24;45;sea;true;ocean;0
1444;17;67;3;sea;true;ocean;0
1445;23;37;24;sea;true;ocean;0
1446;12;62;21;sea;false;ocean;0
1447;24;36;33;sea;false;ocean;0
1448;23;5;16;sea;true;ocean;0
1449;37;7;40;sea;false;ocean;0
1450;12;37;44;sea;false;ocean;0
1451;56;23;11;sea;false;ocean;0
1452;32;13;26;sea;true;ocean;0
1453;2;11;28;sea;true;ocean;0
1454;23;13;59;sea;false;ocean;0
1455;87;2;6;sea;true;ocean;0
1456;30;14;55;sea;true;ocean;0
1457;50;16;15;sea;false;ocean;0
1458;30;4;2;sea;true;ocean;0
1459;9;23;34;sea;false;ocean;0
1460;17;6;66;sea;true;ocean;0
1461;41;11;14;sea;true;ocean;0
1462;8;52;34;sea;true;ocean;0
1463;11;7;80;sea;false;ocean;0
1464;53;4;27;sea;true;ocean;0
1465;47;17;16;sea;true;ocean;0
1466;25;38;36;sea;false;ocean;0
1467;11;35;33;sea;true;ocean;0
1468;11;30;5;sea;false;ocean;0
1469;36;16;25;sea;true;ocean;0
1470;8;70;16;sea;true;ocean;0
1471;7;4;32;sea;false;ocean;0
1472;8;6;23;sea;true;ocean;0
1473;44;33;18;sea;false;ocean;0
1474;32;8;28;sea;true;ocean;0
1475;41;6;23;sea;true;ocean;0
1476;21;55;6;sea;true;ocean;0
1477;37;17;33;sea;false;ocean;0
1478;32;32;0;sea;false;ocean;0
1479;46;35;8;sea;false;ocean;0
1480;12;75;9;sea;false;ocean;0
1481;14;68;9;sea;true;ocean;0
1482;8;0;51;sea;true;ocean;0
1483;19;25;47;sea;true;ocean;0
1484;7;82;7;sea;true;ocean;0
1485;17;20;59;sea;false;ocean;0
1486;2;48;24;sea;false;ocean;0
1487;31;11;26;sea;true;ocean;0
1488;38;42;3;sea;false;ocean;0
1489;21;30;30;sea;true;ocean;0
1490;17;6;25;sea;true;ocean;0
1491;73;12;8;sea;false;ocean;0
1492;5;37;20;sea;false;ocean;0
1493;57;2;0;sea;true;ocean;0
1494;7;31;1;sea;true;lakes;0
1495;90;2;0;sea;true;ocean;0
1496;0;45;38;sea;true;ocean;0
1497;3;48;43;sea;false;ocean;0
1498;4;40;2;sea;true;ocean;0
1499;1;28;57;sea;false;ocean;0
1500;55;7;6;sea;true;ocean;0
1501;43;12;23;sea;false;ocean;0
1502;38;2;19;sea;true;ocean;0
1503;29;60;10;sea;false;ocean;0
1504;63;3;33;sea;false;ocean;0
1505;3;32;60;sea;true;ocean;0
1506;6;27;53;sea;true;ocean;0
1507;0;56;21;sea;true;ocean;0
1508;8;18;71;sea;false;ocean;0
1509;62;19;3;sea;false;ocean;0
1510;66;1;32;sea;true;ocean;0
1511;49;3;15;sea;true;ocean;0
1512;13;16;11;sea;false;ocean;0
1513;27;17;6;sea;true;ocean;0
1514;35;43;12;sea;false;ocean;0
1515;51;10;24;sea;true;ocean;0
1516;66;28;1;sea;false;ocean;0
1517;1;29;5;sea;false;ocean;0
1518;47;12;29;sea;true;ocean;0
1519;41;9;31;sea;false;ocean;0
1520;0;91;3;sea;false;ocean;0
1521;31;49;8;sea;true;ocean;0
1522;35;7;32;sea;false;ocean;0
1523;10;21;60;sea;true;ocean;0
1524;1;92;5;sea;true;ocean;0
1525;49;18;8;sea;false;ocean;0
1526;25;7;43;sea;false;ocean;0
1527;17;34;34;sea;true;ocean;0
1528;1;40;47;sea;false;ocean;0
1529;55;25;8;sea;false;ocean;0
1530;50;0;45;sea;false;ocean;0
1531;9;1;48;sea;true;ocean;0
1532;41;6;20;sea;true;ocean;0
1533;22;9;37;sea;true;ocean;0
1534;22;20;55;sea;false;ocean;0
1535;6;40;2;sea;true;ocean;0
1536;18;63;8;sea;false;ocean;0
1537;27;63;0;sea;false;ocean;0
1538;1;42;23;sea;true;ocean;0
1539;5;42;36;sea;false;ocean;0
1540;43;33;21;sea;false;ocean;0
1541;0;28;17;sea;true;ocean;0
1542;93;2;0;sea;false;ocean;0
1543;19;18;35;sea;false;ocean;0
1544;13;14;10;sea;false;ocean;0
1545;10;1;72;sea;true;ocean;0
1546;10;8;22;sea;true;ocean;0
1547;56;5;3;sea;false;ocean;0
1548;13;4;8;sea;false;ocean;0
1549;21;26;51;sea;true;ocean;0
1550;1;53;45;sea;true;ocean;0
1551;13;42;15;sea;false;ocean;0
1552;16;59;24;sea;false;ocean;0
1553;18;42;10;sea;true;ocean;0
1554;6;15;6;sea;false;ocean;0
1555;21;3;22;sea;false;ocean;0
1556;5;18;21;sea;false;ocean;0
1557;57;15;25;sea;true;ocean;0
1558;20;34;13;sea;false;ocean;0
1559;61;17;10;sea;true;ocean;0
1560;27;24;8;sea;true;lakes;0
1561;16;2;64;sea;false;ocean;0
1562;5;7;43;sea;false;ocean;0
1563;18;42;35;sea;true;ocean;0
1564;13;8;19;sea;true;ocean;0
1565;31;11;32;sea;true;ocean;0
1566;13;26;17;sea;false;ocean;0
1567;8;3;58;sea;true;ocean;0
1568;19;40;15;sea;true;ocean;0
1569;5;19;19;sea;true;ocean;0
1570;15;31;46;sea;true;ocean;0
1571;35;23;37;sea;true;ocean;0
1572;25;13;23;sea;false;ocean;0
1573;86;0;9;sea;false;ocean;0
1574;15;35;0;sea;false;ocean;0
1575;34;25;32;sea;false;ocean;0
1576;17;6;75;sea;true;ocean;0
1577;33;4;18;sea;true;ocean;0
1578;2;2;39;sea;false;ocean;0
1579;42;12;28;sea;true;ocean;0
1580;6;56;15;sea;false;ocean;0
1581;2;11;86;sea;true;ocean;0
1582;4;37;8;sea;true;ocean;0
1583;23;47;5;sea;true;ocean;0
1584;0;34;39;sea;false;ocean;0
1585;5;9;37;sea;false;ocean;0
1586;4;8;17;sea;true;ocean;0
1587;10;18;50;sea;true;ocean;0
1588;29;12;0;sea;true;ocean;0
1589;15;9;19;sea;false;ocean;0
1590;34;12;2;sea;true;ocean;0
1591;1;30;64;sea;true;ocean;0
1592;3;82;12;sea;false;ocean;0
1593;32;13;31;sea;true;ocean;0
1594;53;23;9;sea;false;ocean;0
1595;31;25;43;sea;true;ocean;0
1596;1;25;44;sea;true;ocean;0
1597;7;9;36;sea;false;ocean;0
1598;14;5;38;sea;true;ocean;0
1599;40;42;16;sea;true;ocean;0
1600;51;18;21;sea;true;ocean;0
1601;42;34;1;sea;false;ocean;0
1602;28;8;48;sea;true;ocean;0
1603;55;33;7;sea;false;ocean;0
1604;30;20;44;sea;true;ocean;0
1605;40;37;21;sea;true;ocean;0
1606;53;11;2;sea;true;ocean;0
1607;25;1;8;sea;true;ocean;0
1608;10;5;41;sea;true;ocean;0
1609;43;3;51;sea;false;ocean;0
1610;13;56;10;sea;false;ocean;0
1611;50;9;30;sea;false;ocean;0
1612;31;39;4;sea;true;ocean;0
1613;23;8;46;sea;false;ocean;0
1614;32;12;48;sea;true;ocean;0
1615;4;33;3;sea;false;ocean;0
1616;13;60;7;sea;false;ocean;0
1617;34;21;9;sea;true;ocean;0
1618;10;34;45;sea;false;ocean;0
1619;3;0;23;sea;false;ocean;0
1620;8;45;46;sea;true;ocean;0
1621;48;26;13;sea;false;ocean;0
1622;65;21;9;sea;false;ocean;0
1623;8;43;39;sea;true;ocean;0
1624;13;17;3;sea;false;ocean;0
1625;26;6;26;sea;true;ocean;0
1626;10;3;33;sea;false;ocean;0
1627;34;7;43;sea;false;ocean;0
1628;19;11;10;sea;false;ocean;0
1629;47;36;8;sea;false;ocean;0
1630;7;27;47;sea;true;ocean;0
1631;23;1;38;sea;true;ocean;0
1632;40;33;24;sea;false;ocean;0
1633;38;18;14;sea;true;ocean;0
1634;17;16;47;sea;true;ocean;0
1635;2;40;23;sea;true;ocean;0
1636;26;8;23;sea;false;ocean;0
1637;10;16;61;sea;true;ocean;0
1638;9;0;82;sea;false;ocean;0
1639;24;0;65;sea;true;ocean;0
1640;41;0;21;sea;false;ocean;0
1641;23;24;43;sea;false;ocean;0
1642;84;1;3;sea;true;ocean;0
1643;49;0;28;sea;true;ocean;0
1644;8;1;61;sea;false;ocean;0
1645;2;49;20;sea;true;ocean;0
1646;26;5;26;sea;true;ocean;0
1647;30;3;49;sea;true;ocean;0
1648;19;64;10;sea;false;ocean;0
1649;25;41;1;sea;true;ocean;0
1650;2;42;16;sea;true;ocean;0
1651;15;54;1;sea;false;ocean;0
1652;12;25;54;sea;false;ocean;0
1653;3;66;3;sea;false;ocean;0
1654;8;39;17;sea;true;ocean;0
1655;0;3;5;sea;true;ocean;0
1656;4;18;19;sea;true;ocean;0
1657;54;3;42;sea;true;ocean;0
1658;2;23;9;sea;true;ocean;0
1659;13;41;20;sea;false;ocean;0
1660;28;9;6;sea;true;ocean;0
1661;26;39;19;sea;true;ocean;0
1662;12;2;19;sea;false;ocean;0
1663;32;9;12;sea;true;ocean;0
1664;58;22;15;sea;true;ocean;0
1665;49;40;2;sea;true;ocean;0
1666;18;0;19;sea;false;ocean;0
1667;25;42;26;sea;true;ocean;0
1668;2;27;63;sea;true;ocean;0
1669;8;1;49;sea;false;ocean;0
1670;26;45;22;sea;true;ocean;0
1671;23;29;16;sea;true;ocean;0
1672;2;81;6;sea;false;ocean;0
1673;24;0;34;sea;false;ocean;0
1674;12;47;34;sea;false;ocean;0
1675;9;29;29;sea;true;ocean;0
1676;29;15;21;sea;true;ocean;0
1677;27;35;29;sea;true;ocean;0
1678;50;29;3;sea;false;ocean;0
1679;30;34;23;sea;true;ocean;0
1680;1;3;58;sea;true;ocean;0
1681;36;7;18;sea;true;ocean;0
1682;55;15;18;sea;true;ocean;0
1683;4;9;84;sea;true;ocean;0
1684;2;24;30;sea;true;ocean;0
1685;28;3;6;sea;true;ocean;0
1686;5;37;42;sea;true;ocean;0
1687;10;36;50;sea;false;ocean;0
1688;4;24;57;sea;false;ocean;0
1689;9;54;2;sea;true;ocean;0
1690;1;2;45;sea;false;ocean;0
1691;44;23;9;sea;true;ocean;0
1692;73;14;11;sea;false;ocean;0
1693;31;8;22;sea;true;ocean;0
1694;25;36;13;sea;false;ocean;0
1695;11;0;9;sea;true;ocean;0
1696;22;37;39;sea;false;ocean;0
1697;16;36;31;sea;true;ocean;0
1698;45;38;4;sea;true;ocean;0
1699;52;0;26;sea;false;ocean;0
1700;11;13;8;sea;false;ocean;0
1701;16;10;67;sea;true;ocean;0
1702;15;13;64;sea;true;ocean;0
1703;14;66;11;sea;false;ocean;0
1704;7;80;6;sea;true;ocean;0
1705;10;5;79;sea;true;ocean;0
1706;75;1;7;sea;true;ocean;0
1707;51;20;19;sea;true;ocean;0
1708;21;30;4;sea;false;ocean;0
1709;11;25;38;sea;true;ocean;0
1710;10;12;9;sea;false;ocean;0
1711;34;6;42;sea;true;ocean;0
1712;60;7;10;sea;false;ocean;0
1713;21;27;43;sea;true;ocean;0
1714;29;56;3;sea;false;ocean;0
1715;46;15;8;sea;true;ocean;0
1716;82;5;9;sea;true;ocean;0
1717;34;29;7;sea;true;ocean;0
1718;10;2;19;sea;true;ocean;0
1719;10;0;25;sea;false;ocean;0
1720;12;10;70;sea;true;ocean;0
1721;65;7;9;sea;false;ocean;0
1722;30;6;30;sea;true;ocean;0
1723;46;9;34;sea;true;ocean;0
1724;48;28;13;sea;false;ocean;0
1725;2;21;41;sea;true;ocean;0
1726;3;18;15;sea;false;ocean;0
1727;10;10;67;sea;true;ocean;0
1728;2;49;21;sea;true;ocean;0
1729;20;9;43;sea;false;ocean;0
1730;12;71;13;sea;true;ocean;0
1731;54;34;3;sea;false;ocean;0
1732;31;29;12;sea;true;ocean;0
1733;46;7;9;sea;false;ocean;0
1734;7;48;22;sea;false;ocean;0
1735;40;12;12;sea;false;ocean;0
1736;12;14;64;sea;true;ocean;0
1737;22;26;38;sea;true;ocean;0
1738;1;33;34;sea;true;ocean;0
1739;2;4;58;sea;true;ocean;0
1740;4;7;62;sea;false;ocean;0
1741;31;56;6;sea;false;ocean;0
1742;25;12;49;sea;true;ocean;0
1743;16;6;55;sea;true;ocean;0
1744;53;10;30;sea;true;ocean;0
1745;4;25;6;sea;true;ocean;0
1746;14;18;59;sea;true;ocean;0
1747;23;25;29;sea;true;ocean;0
1748;31;14;16;sea;true;ocean;0
1749;49;2;19;sea;false;ocean;0
1750;15;7;39;sea;true;ocean;0
1751;35;15;36;sea;true;ocean;0
1752;49;13;4;sea;true;ocean;0
1753;96;0;1;sea;true;ocean;0
1754;14;22;48;sea;true;ocean;0
1755;4;0;52;sea;true;ocean;0
1756;9;30;22;sea;true;ocean;0
1757;67;23;4;sea;true;ocean;0
1758;5;29;11;sea;false;ocean;0
1759;34;2;55;sea;true;ocean;0
1760;7;39;35;sea;false;ocean;0
1761;49;0;4;sea;true;ocean;0
1762;17;10;41;sea;true;lakes;0
1763;1;26;20;sea;true;ocean;0
1764;70;19;7;sea;true;ocean;0
1765;4;47;20;sea;true;ocean;0
1766;0;56;28;sea;false;ocean;0
1767;3;46;37;sea;true;ocean;0
1768;12;25;2;sea;true;ocean;0
1769;12;28;59;sea;false;ocean;0
1770;1;65;6;sea;false;ocean;0
1771;52;7;14;sea;true;ocean;0
1772;1;35;44;sea;true;ocean;0
1773;47;20;27;sea;true;ocean;0
1774;7;63;12;sea;false;ocean;0
1775;12;15;49;sea;false;ocean;0
1776;53;32;3;sea;true;ocean;0
1777;17;3;15;sea;true;ocean;0
1778;13;6;39;sea;true;ocean;0
1779;58;19;4;sea;true;ocean;0
1780;25;7;13;sea;true;ocean;0
1781;41;20;5;sea;true;ocean;0
1782;52;12;14;sea;true;ocean;0
1783;8;36;3;sea;true;ocean;0
1784;37;25;15;sea;true;ocean;0
1785;30;51;12;sea;true;ocean;0
1786;10;9;59;sea;false;ocean;0
1787;16;34;22;sea;true;ocean;0
1788;30;37;13;sea;true;ocean;0
1789;17;23;14;sea;true;lakes;0
1790;20;43;6;sea;true;ocean;0
1791;17;34;38;sea;true;ocean;0
1792;23;66;2;sea;true;ocean;0
1793;5;41;41;sea;true;ocean;0
1794;2;13;27;sea;true;ocean;0
1795;37;28;9;sea;false;ocean;0
1796;21;13;50;sea;true;ocean;0
1797;41;13;3;sea;true;ocean;0
1798;1;34;54;sea;true;ocean;0
1799;15;44;3;sea;true;ocean;0
1800;26;19;10;sea;false;ocean;0
1801;59;6;2;sea;false;ocean;0
1802;20;12;0;sea;true;ocean;0
1803;18;62;9;sea;false;ocean;0
1804;28;25;29;sea;false;ocean;0
1805;10;1;74;sea;true;ocean;0
1806;19;9;57;sea;false;ocean;0
1807;42;12;36;sea;false;ocean;0
1808;10;30;51;sea;false;ocean;0
1809;28;2;55;sea;true;ocean;0
1810;37;27;2;sea;true;ocean;0
1811;1;4;65;sea;false;ocean;0
1812;11;8;49;sea;false;ocean;0
1813;21;22;34;sea;false;ocean;0
1814;30;25;35;sea;false;ocean;0
1815;52;32;11;sea;true;ocean;0
1816;3;41;36;sea;true;ocean;0
1817;4;32;31;sea;true;lakes;0
1818;4;10;14;sea;false;ocean;0
1819;12;21;38;sea;false;ocean;0
1820;34;7;8;sea;false;ocean;0
1821;2;4;14;sea;false;ocean;0
1822;12;22;3;sea;true;ocean;0
1823;17;14;61;sea;true;ocean;0
1824;46;14;1;sea;true;ocean;0
1825;44;39;6;sea;false;ocean;0
1826;33;21;36;sea;true;ocean;0
1827;22;39;37;sea;true;ocean;0
1828;88;9;2;sea;false;ocean;0
1829;58;22;3;sea;false;ocean;0
1830;25;40;23;sea;false;ocean;0
1831;37;27;0;sea;false;ocean;0
1832;2;28;17;sea;true;ocean;0
1833;40;6;30;sea;false;ocean;0
1834;25;47;11;sea;true;ocean;0
1835;12;57;1;sea;false;ocean;0
1836;51;44;0;sea;false;ocean;0
1837;12;14;51;sea;true;ocean;0
1838;14;6;10;sea;true;ocean;0
1839;63;18;1;sea;true;ocean;0
1840;2;1;76;sea;false;ocean;0
1841;1;81;6;sea;true;ocean;0
1842;37;40;7;sea;true;ocean;0
1843;6;9;4;sea;true;ocean;0
1844;28;8;29;sea;false;ocean;0
1845;2;50;3;sea;true;ocean;0
1846;18;13;49;sea;false;ocean;0
1847;30;20;13;sea;true;ocean;0
1848;9;23;54;sea;false;ocean;0
1849;8;28;10;sea;true;ocean;0
1850;1;18;25;sea;true;ocean;0
1851;39;48;9;sea;true;ocean;0
1852;59;21;8;sea;false;ocean;0
1853;18;2;35;sea;false;ocean;0
1854;19;2;59;sea;true;ocean;0
1855;54;2;33;sea;false;ocean;0
1856;9;6;72;sea;true;ocean;0
1857;8;51;27;sea;true;ocean;0
1858;67;14;1;sea;true;ocean;0
1859;29;15;7;sea;true;ocean;0
1860;4;20;57;sea;false;ocean;0
1861;32;30;14;sea;false;ocean;0
1862;3;19;49;sea;false;ocean;0
1863;17;59;4;sea;false;ocean;0
1864;15;15;13;sea;true;ocean;0
1865;30;39;19;sea;true;ocean;0
1866;50;14;4;sea;false;ocean;0
1867;54;8;31;sea;true;ocean;0
1868;32;22;13;sea;false;ocean;0
1869;3;15;29;sea;false;ocean;0
1870;23;64;5;sea;false;ocean;0
1871;9;45;26;sea;true;ocean;0
1872;13;25;4;sea;false;ocean;0
1873;42;10;4;sea;true;ocean;0
1874;41;39;12;sea;false;ocean;0
1875;28;45;14;sea;true;ocean;0
1876;52;29;7;sea;false;ocean;0
1877;5;21;1;sea;false;ocean;0
1878;8;6;3;sea;true;ocean;0
1879;32;31;13;sea;false;ocean;0
1880;63;31;5;sea;true;ocean;0
1881;39;2;57;sea;false;ocean;0
1882;34;21;8;sea;false;ocean;0
1883;35;7;40;sea;true;ocean;0
1884;19;5;16;sea;true;ocean;0
1885;63;35;1;sea;true;ocean;0
1886;16;40;10;sea;false;ocean;0
1887;1;21;43;sea;false;ocean;0
1888;15;14;31;sea;false;ocean;0
1889;7;3;7;sea;true;ocean;0
1890;7;19;10;sea;true;ocean;0
1891;19;4;52;sea;false;ocean;0
1892;71;5;12;sea;false;ocean;0
1893;6;82;8;sea;true;ocean;0
1894;18;27;44;sea;false;ocean;0
1895;33;23;12;sea;false;ocean;0
1896;14;41;25;sea;true;ocean;0
1897;35;7;6;sea;false;ocean;0
1898;7;39;41;sea;true;ocean;0
1899;14;5;21;sea;false;ocean;0
1900;3;14;45;sea;true;ocean;0
1901;10;23;43;sea;false;ocean;0
1902;5;73;10;sea;true;ocean;0
1903;25;11;41;sea;true;ocean;0
1904;40;48;1;sea;true;ocean;0
1905;23;10;34;sea;true;ocean;0
1906;23;2;38;sea;true;ocean;0
1907;13;30;28;sea;true;ocean;0
1908;10;4;54;sea;false;ocean;0
1909;17;38;42;sea;false;ocean;0
1910;15;59;3;sea;false;ocean;0
1911;7;85;1;sea;false;ocean;0
1912;5;27;53;sea;true;ocean;0
1913;34;1;48;sea;true;ocean;0
1914;42;36;13;sea;false;ocean;0
1915;31;13;24;sea;true;ocean;0
1916;20;27;25;sea;true;ocean;0
1917;38;7;20;sea;true;ocean;0
1918;7;39;22;sea;false;ocean;0
1919;6;16;6;sea;false;ocean;0
1920;0;4;54;sea;false;ocean;0
1921;62;8;5;sea;false;ocean;0
1922;72;2;21;sea;false;ocean;0
1923;15;2;5;sea;false;ocean;0
1924;7;1;44;sea;false;ocean;0
1925;7;5;6;sea;false;ocean;0
1926;24;54;14;sea;false;ocean;0
1927;3;20;53;sea;false;ocean;0
1928;35;45;9;sea;true;ocean;0
1929;38;13;18;sea;true;ocean;0
1930;4;2;6;sea;true;ocean;0
1931;27;6;50;sea;true;ocean;0
1932;26;61;12;sea;false;ocean;0
1933;40;17;25;sea;false;ocean;0
1934;4;16;67;sea;true;ocean;0
1935;38;9;1;sea;false;ocean;0
1936;0;42;34;sea;true;ocean;0
1937;5;19;25;sea;true;ocean;0
1938;18;37;35;sea;true;ocean;0
1939;16;16;56;sea;false;ocean;0
1940;13;18;11;sea;false;ocean;0
1941;11;28;46;sea;true;ocean;0
1942;5;34;35;sea;false;ocean;0
1943;7;22;61;sea;false;ocean;0
1944;15;29;48;sea;true;ocean;0
1945;52;1;9;sea;true;ocean;0
1946;0;56;32;sea;true;ocean;0
1947;73;2;4;sea;true;ocean;0
1948;39;17;2;sea;false;ocean;0
1949;49;20;9;sea;false;ocean;0
1950;3;22;21;sea;true;ocean;0
1951;31;28;2;sea;false;ocean;0
1952;52;18;13;sea;false;ocean;0
1953;9;23;49;sea;false;ocean;0
1954;26;49;23;sea;true;lakes;0
1955;12;3;42;sea;false;ocean;0
1956;18;37;10;sea;false;ocean;0
1957;11;39;4;sea;true;ocean;0
1958;30;0;31;sea;false;ocean;0
1959;67;5;9;sea;true;ocean;0
1960;37;52;3;sea;false;ocean;0
1961;26;46;20;sea;false;ocean;0
1962;1;25;55;sea;false;ocean;0
1963;38;28;3;sea;true;ocean;0
1964;56;6;29;sea;true;ocean;0
1965;19;38;19;sea;false;ocean;0
1966;27;17;30;sea;false;ocean;0
1967;25;9;14;sea;true;ocean;0
1968;43;24;3;sea;false;ocean;0
1969;10;22;67;sea;false;ocean;0
1970;36;6;36;sea;true;ocean;0
1971;5;73;15;sea;false;ocean;0
1972;21;1;43;sea;true;ocean;0
1973;49;4;43;sea;true;ocean;0
1974;13;61;0;sea;true;ocean;0
1975;12;53;10;sea;false;ocean;0
1976;20;53;26;sea;true;ocean;0
1977;17;56;6;sea;false;ocean;0
1978;22;42;25;sea;true;ocean;0
1979;31;44;13;sea;true;ocean;0
1980;6;71;7;sea;false;ocean;0
1981;80;2;15;sea;true;ocean;0
1982;9;24;1;sea;true;ocean;0
1983;22;10;40;sea;true;ocean;0
1984;35;25;16;sea;false;ocean;0
1985;31;14;29;sea;true;ocean;0
1986;10;27;51;sea;true;ocean;0
1987;26;35;36;sea;true;ocean;0
1988;45;11;8;sea;false;ocean;0
1989;36;48;10;sea;false;ocean;0
1990;1;45;53;sea;true;ocean;0
1991;13;25;3;sea;true;ocean;0
1992;29;53;11;sea;false;ocean;0
1993;44;34;10;sea;true;ocean;0
1994;25;5;58;sea;true;ocean;0
1995;18;51;18;sea;true;ocean;0
1996;22;33;33;sea;true;ocean;0
1997;179;198;144;sea;true;ocean;0
1998;43;80;18;lake;false;plains;0
1999;7;91;15;lake;false;mountain;0
2000;41;87;9;lake;false;plains;0
2001;23;97;4;lake;false;plains;0
2002;24;9;81;lake;false;plains;0
2003;98;18;20;lake;false;hills;0
2004;70;20;53;lake;false;plains;0
2005;47;63;38;lake;false;hills;0
2006;33;57;53;lake;false;hills;0
2007;17;6;106;lake;false;hills;0
2008;60;56;5;lake;false;plains;0
2009;56;14;41;lake;false;plains;0
2010;0;4;97;lake;false;hills;0
2011;13;85;17;lake;false;plains;0
2012;6;92;50;lake;false;hills;0
2013;76;0;58;lake;false;hills;0
2014;115;3;25;lake;false;mountain;0
2015;2;31;86;lake;false;hills;0
2016;10;15;80;lake;false;plains;0
2017;54;70;23;lake;false;plains;0
2018;86;22;15;lake;false;plains;0
2019;36;51;53;lake;false;hills;0
2020;19;53;41;lake;false;plains;0
2021;95;34;1;lake;false;hills;0
2022;15;60;59;lake;false;plains;0
2023;5;111;10;lake;false;hills;0
2024;110;3;21;lake;false;hills;0
2025;62;31;13;lake;false;plains;0
2026;35;2;98;lake;false;hills;0
2027;90;35;12;lake;false;hills;0
2028;56;2;67;lake;false;plains;0
2029;7;28;113;lake;false;plains;0
2030;1;57;64;lake;false;mountain;0
2031;86;1;15;lake;false;plains;0
2032;29;34;47;lake;false;plains;0
2033;17;42;77;lake;false;hills;0
2034;13;5;122;lake;false;hills;0
2035;52;54;12;lake;false;hills;0
2036;6;84;52;lake;false;hills;0
2037;45;100;2;lake;false;hills;0
2038;78;28;1;lake;false;mountain;0
2039;31;79;6;lake;false;hills;0
2040;97;33;9;lake;false;mountain;0
2041;60;27;48;lake;false;plains;0
2042;37;58;16;lake;false;hills;0
2043;61;44;4;lake;false;plains;0
2044;51;25;42;lake;false;plains;0
2045;9;96;22;lake;false;hills;0
2046;72;27;34;lake;false;hills;0
2047;81;2;66;lake;false;hills;0
2048;18;46;54;lake;false;mountain;0
2049;31;76;7;lake;false;hills;0
2050;26;44;60;lake;false;hills;0
2051;22;59;63;lake;false;hills;0
2052;70;21;52;land;false;hills;4
2053;25;113;11;lake;false;hills;0
2054;31;19;92;lake;false;hills;0
2055;0;94;53;lake;false;hills;0
2056;68;52;29;lake;false;hills;0
2057;38;72;21;lake;false;hills;0
2058;6;75;59;lake;false;hills;0
2059;62;65;22;lake;false;hills;0
2060;13;78;11;lake;false;hills;0
2061;4;23;98;lake;false;hills;0
2062;3;2;96;lake;false;hills;0
2063;37;96;10;lake;false;hills;0
2064;80;27;21;lake;false;hills;0
2065;86;14;14;lake;false;hills;0
2066;74;11;47;lake;false;hills;0
2067;20;25;89;lake;false;hills;0
2068;51;15;54;lake;false;hills;0
2069;35;57;13;lake;false;hills;0
2070;60;43;2;lake;false;hills;0
2071;37;72;8;lake;false;hills;0
2072;2;83;59;lake;false;hills;0
2073;22;44;71;lake;false;hills;0
2074;16;77;50;lake;false;hills;0
2075;25;65;45;lake;false;hills;0
2076;2;58;68;lake;false;hills;0
2077;8;86;29;lake;false;hills;0
2078;26;78;25;lake;false;hills;0
2079;17;96;26;lake;false;hills;0
2080;8;70;37;lake;false;hills;0
2081;51;62;15;lake;false;hills;0
2082;85;48;13;lake;false;mountain;0
2083;68;30;20;land;false;plains;1
2084;22;102;8;lake;false;hills;0
2085;36;105;0;lake;false;mountain;0
2086;95;15;39;lake;false;hills;0
2087;40;22;40;lake;false;mountain;0
2088;24;67;37;lake;false;mountain;0
2089;29;53;65;lake;false;mountain;0
2090;9;1;93;lake;false;mountain;0
2091;1;101;45;lake;false;mountain;0
2092;5;25;103;lake;false;hills;0
2093;12;1;131;lake;false;hills;0
